No,NaptanCode,CommonName
1,73727985,Aviva
2,73739795,Aviva
3,73734234,Community Campus
4,73753732,Loch Leven Community Campus
5,73745845,Castle Brae
6,73798934,Whitehouse
7,73765465,Burnbank Meadows
8,73784357,Glenturret Terrace
9,73787286,Primary School
10,73753685,Croft Wynd
11,73732694,Croft Wynd
12,73748674,Perth Road
13,73748468,War Memorial
14,73756982,Road End
15,73739693,Railway Station
16,73734238,Rookery
17,73745843,Rookery
18,73762834,Pitkellony Street
19,73732372,Lintibert Road
20,73745878,Inchfield Cottages
21,73745876,Inchfield Cottages
22,73734243,Balgay Farm Road End
23,73742686,Dunsinnan Road
24,73762468,Stroma Court
25,73798932,Stroma Court
26,73795832,Post Box
27,73762626,Fish Farm Road End
28,73793247,Station Court
29,73739794,Station Court
30,73736796,Scout Hall
31,73783978,Scout Hall
32,73792868,Beechgrove Terrace
33,73794256,Beechgrove Terrace
34,73739647,Concert Hall
35,73748682,Waterworks
36,73757943,Waterworks
37,73725273,Mill Street
38,73725642,Mill Street
39,73725643,Mill Street
40,73725645,Mill Street
41,73723696,Mill Street
42,73723694,Mill Street
43,73723653,Mill Street
44,73723734,Royal Infirmary
45,73724763,Royal Infirmary
46,73723649,South Street
47,73723524,South Street
48,73723525,South Street
49,73723539,South Street
50,73723232,Upper Rannoch Roundabout
51,73725326,Upper Rannoch Roundabout
52,73729247,Muir o Lea
53,73723972,Institute
54,73724783,Institute
55,73725684,Bus Depot
56,73724859,Inveralmond Close
57,73727968,Branklyn Gardens
58,73727974,Earn Drive
59,73728354,Earn Drive
60,73728542,Dubheads
61,73728289,Dubheads
62,73728293,Garth Terrace
63,73728634,Mills Of Earn
64,73728397,Mills Of Earn
65,73728494,Colquhalzie Road End
66,73728793,Colquhalzie Road End
67,73728694,Muir o Lea
68,73725429,Market Square
69,73725424,Leitfie Terrace
70,73725423,Leitfie Terrace
71,73726582,Glenshee Drive
72,73726459,Wellmeadow
73,73726462,Wellmeadow
74,73727357,Blairgowrie High School
75,73727352,Rosemount Gardens
76,73727349,Rosemount Gardens
77,73723789,George Square
78,73723456,Post Office
79,73725349,Post Office
80,73725346,Village Hall
81,73727348,George Square
82,73724275,Village Hall
83,73724793,Burnside Road
84,73723986,Burnside Road
85,73724268,Mansfield Road
86,73728472,Drumchastle
87,73725258,Mansfield Road
88,73724574,Kinnoull Street
89,73726482,College
90,73723675,College
91,73723863,Kinnoull Street
92,73724295,Gleneagles Trades Entrance
93,73725754,Aytoun Hall
94,73725756,Co-op
95,73727262,Bridgewater Avenue
96,73727263,Bridgewater Avenue
97,73727267,Easter Coul
98,73727268,Easter Coul
99,73727269,Thimblerow
100,73728297,Festival Theatre
101,73723275,Village Hall
102,73723276,Village Hall
103,73723273,Kinnaird Road
104,73725673,Kinnaird Road
105,73725659,James Court
106,73723269,James Court
107,73725787,Dunbarney Primary School
108,73725786,Dunbarney Primary School
109,73726483,Cromlix Road
110,73726484,Cromlix Road
111,73725624,Canal Street
112,73724687,Scott Street
113,73724674,Scott Street
114,73723865,Scott Street
115,73723838,Scott Street
116,73724672,Scott Street
117,73725287,Crematorium
118,73723672,Crematorium
119,73725367,Primary School
120,73723474,Primary School
121,73724742,Scroggiehill
122,73723983,Scroggiehill
123,73724756,Hotel
124,73724757,Lumsden Crescent
125,73724658,South Methven Street
126,73723943,Leonard Street
127,73724673,Leonard Street
128,73723469,Methven Arms
129,73723468,Methven Arms
130,73728723,Cuthill Towers
131,73723458,Burnbrae Garage
132,73725362,Burnbrae Garage
133,73725365,Grahame Terrace
134,73723294,Grahame Terrace
135,73727273,St Dominics Primary School
136,73727272,Crieff High School
137,73725382,RS McColl
138,73725453,Hill Street
139,73723989,Braco Road
140,73723435,Four Seasons Hotel
141,73723426,Barrack Road
142,73726486,DEL-St Johnâ€™s Academy - Primary
143,73726485,St Johns Academy
144,73728769,Russell Street
145,73729368,Linn Road
146,73728563,Murray Place
147,73732572,Cuthill Towers
148,73728269,The Smithy
149,73726478,Bambrick Wood
150,73726479,Bambrick Wood
151,73726256,Gairneybridge Farm
152,73728362,Eastertyre
153,73726257,Gairneybridge Farm
154,73725862,Montgomery Street
155,73725859,Mill Street
156,73725847,Loch Leven Leisure Centre
157,73725846,Loch Leven Leisure Centre
158,73725928,Church Street
159,73725929,Church Street
160,73726267,Ladeside
161,73726268,Garage
162,73725742,School Wynd
163,73725739,School Wynd
164,73727986,Davie Park Place
165,73728245,Tirinie
166,73728273,Tirinie
167,73728352,Farleyer
168,73728469,Farleyer
169,73724383,Sawmill
170,73724926,Sawmill
171,73726742,Stormont Way
172,73726797,Birch Terrace
173,73726735,Craigroyston Road
174,73726787,Affric Avenue
175,73725329,Lawgrove Place
176,73723475,Inveralmond House
177,73724876,Argyll Road
178,73728532,High School
179,73723845,Gowans Terrace
180,73724624,Ainslie Place
181,73724945,Shops
182,73724367,Shops
183,73724365,Darnhall Drive
184,73724949,Darnhall Drive
185,73724638,Glenartney Terrace
186,73724639,Glenartney Terrace
187,73724526,Stormont Park
188,73724568,Bridgend Court
189,73723869,Bridgend Court
190,73724623,Lovat Hotel
191,73723857,Lovat Hotel
192,73725627,Ash Grove
193,73724659,Old Gallows Road
194,73723546,Poplar Crescent
195,73798348,East Lodge
196,73798575,East Lodge
197,73728384,Post Box
198,73728235,Post Box
199,73728253,Drumchastle
200,73723764,Logie Crescent
201,73724839,Logie Crescent
202,73724753,Whiteloch Avenue
203,73723742,Whiteloch Avenue
204,73723686,Bus Shelter
205,73723747,Bus Shelter
206,73728425,Lodge
207,73728238,Lodge
208,73725394,Fraser Ave
209,73723676,Fraser Ave
210,73723727,School Road
211,73724736,School Road
212,73723654,Perth Academy
213,73728358,Old Struan Road End
214,73725856,Sainsburys Car Park
215,73726378,Balado Crossroads
216,73726238,Drumhead
217,73726234,Naemoor Road
218,73726236,West Crook Way
219,73726232,Post Office
220,73726895,Primary School
221,73727475,Mill Farm
222,73727478,Chance Inn
223,73728239,Road End
224,73728385,Road End
225,73726258,Vicar's Bridge Road
226,73726324,Store
227,73726327,Bus Shelter
228,73725984,Farm Road End
229,73728583,Eastertyre
230,73728247,Croftinloan
231,73725985,Farm Road End
232,73727976,Croftinloan
233,73726328,Bus Shelter
234,73726323,Store
235,73726259,Vicars Bridge Road
236,73728724,Croftcap Cottage
237,73728363,Croftcap Cottage
238,73728956,Castle
239,73728246,Castle
240,73728424,Tomaknock
241,73726343,Old Garage
242,73728529,Tomaknock
243,73726373,Broadwell
244,73725849,Whinfield Drive
245,73725857,Green Park
246,73725863,Ross Street
247,73725827,Station Road
248,73725828,Ochil View
249,73725864,Ross Street
250,73725858,Green Park
251,73725852,Whinfield Drive
252,73726374,Broadwell
253,73726329,Well Inn
254,73728232,Quarterbank
255,73757574,Glenogle Court
256,73723763,Kettins Road End
257,73724698,Kettins Road End
258,73745867,Craigens Farm
259,73723542,Corsie Way
260,73723867,Potterhill Gardens
261,73748683,North Ardbennie
262,73769394,North Ardbennie
263,73753729,Ashgrove Terrace
264,73724875,Perth High School
265,73724975,Gannochy Walk
266,73724567,Murray Royal Hospital Turning Circle
267,73724298,Memorial Home
268,73723486,Murray Place
269,73727595,Maple Road
270,73727628,Muircroft Drive
271,73727634,Buchan Drive
272,73726793,Comelybank Gardens
273,73739836,Craigens Farm
274,73724538,Health Centre
275,73724862,Health Centre
276,73736956,Newmiln Farm
277,73762627,Newmiln Farm
278,73726527,Viewfield Place
279,73723658,Viewfield Place
280,73723464,Langside Road
281,73723473,Langside Road
282,73723856,Western Avenue
283,73723528,Spens Crescent
284,73784356,Dilkusha
285,73798672,Dilkusha
286,73725629,Leisure Pool
287,73723535,Leisure Pool
288,73725638,Necessity Brae
289,73723548,Necessity Brae
290,73727469,Sorting Office
291,73727486,Coldrain Road End
292,73727568,Wallacetown Farm Road End
293,73727482,Telephone Box
294,73728783,Innerleithen Way
295,73737674,Broxden House
296,73727483,Telephone Box
297,73723928,Holiday Inn
298,73724834,Holiday Inn
299,73726586,Scarth Road
300,73726725,Cross
301,73726724,Cross
302,73723492,Garry Place
303,73723957,Post Box
304,73724594,Post Box
305,73723962,Birnam Hotel
306,73724585,Birnam Hotel
307,73723948,North Car Park
308,73723893,Bus Bay
309,73724573,Bus Bay
310,73724845,Bus Turning Circle
311,73725874,Church
312,73725873,Church
313,73727523,Hotel
314,73727524,Hotel
315,73723685,Chapel Street
316,73724279,Taybridge Drive
317,73745863,Ferneyfold Farm
318,73723496,West End Car Park
319,73724797,Fishers Hotel
320,73723924,High School
321,73723926,Balnadrum Terrace
322,73725487,Fishers Hotel
323,73727947,Moness Crescent
324,73727949,The Square
325,73727597,Academy Car Park
326,73725848,Lathro Park
327,73727467,Thompson Place
328,73727468,Thompson Place
329,73725829,Primary School
330,73725832,Primary School
331,73727473,Friar Place
332,73727472,Friar Place
333,73725869,Vane Farm
334,73725872,Vane Farm
335,73725868,Bridgend
336,73725867,Bridgend
337,73727354,Hill Primary School
338,73726237,West Crook Way
339,73727368,Marlee Gardens
340,73727367,Marlee Gardens
341,73727365,Telephone Box
342,73727364,Telephone Box
343,73727362,Telephone Box
344,73727363,Telephone Box
345,73727358,Post Box
346,73727359,Post Box
347,73727372,Bus Shelter
348,73727369,Bus Shelter
349,73727346,Essendy Bridge
350,73727343,Church
351,73723698,War Memorial
352,73725436,Spittalfield
353,73727325,Taybank House
354,73727324,Taybank House
355,73727326,Bus Shelter
356,73727327,Bus Shelter
357,73727328,Telephone Box
358,73727329,Telephone Box
359,73726893,Concraigie
360,73726894,Concraigie
361,73727323,Ardblair Medical Centre
362,73727298,Berrydale Avenue
363,73726583,Keathbank Mill
364,73727347,Cluny Court
365,73727295,Bus Depot
366,73727294,Bus Depot
367,73727293,Old Mill Road End
368,73726584,Keathbank Mill
369,73728564,Kinclaven Crescent
370,73728795,Kinclaven Crescent
371,73727292,Dirnanean Lodge
372,73727289,Dirnanean Lodge
373,73727286,Primary School
374,73727285,Primary School
375,73727284,Road End
376,73723794,Post Office
377,73723678,Church
378,73726425,The Square
379,73726356,Kynachan Hotel Road End
380,73726248,Queens View
381,73726247,Queens View
382,73726246,Road End
383,73726245,Road End
384,73726368,Loch Tummel Inn
385,73726367,Loch Tummel Inn
386,73726243,Campsite
387,73726242,Campsite
388,73726365,Caravan Park
389,73726364,Caravan Park
390,73724825,Aldour
391,73726434,Annat House
392,73726432,Annat House
393,73726294,Burnside
394,73725962,Burnside
395,73726426,Telephone Box
396,73726427,Telephone Box
397,73726429,Finnart
398,73726428,Finnart
399,73726439,Tighnabruiach
400,73726437,Station
401,73726438,Tighnabruiach
402,73724798,Phone Box
403,73723769,Church Street
404,73724823,Church Street
405,73728328,Strathallan Village
406,73737264,Strathallan Village
407,73737352,Fonab Crescent
408,73736897,Fonab Crescent
409,73736893,Luncarty House
410,73727983,Golf Hotel
411,73728582,Golf Hotel
412,73728439,Road End
413,73728345,Kinclaven Road End
414,73727982,Kinclaven Road End
415,73728528,The Smithy
416,73728543,Racecourse
417,73726295,Village Hall
418,73726296,Village Hall
419,73725769,Atholl Arms
420,73725768,Atholl Arms
421,73725782,House of Bruar car park
422,73725983,Bus Shelter
423,73725982,Bus Shelter
424,73726928,Old Struan Road End
425,73727282,Post Box
426,73727283,Rhiedorrach
427,73726352,Telephone Exchange
428,73726346,Old Post Office
429,73727579,Willowgate Fishery
430,73723937,Prieston Road
431,73723953,Prieston Road
432,73727278,Arnbog Farm
433,73727274,Kinloch Road End
434,73727275,Kinloch Road End
435,73727868,Spoutwells Farm
436,73727878,Hillocks of Gourdie
437,73727894,Drumellie
438,73727892,The Steading
439,73727874,Easter Essendy
440,73726879,Burnbank
441,73726878,Burnbank
442,73726858,Boatlands
443,73726856,Cranley Farm
444,73726876,Little Fardle Farm
445,73726875,Little Fardle Farm
446,73726873,Village Hall
447,73726874,Village Hall
448,73728959,Kindrogan Centre Road End
449,73726863,Mains of Pittendriech
450,73726872,Tay Farm Cottages
451,73726869,Tay Farm Cottages
452,73726868,Drumbeltie Farm
453,73726867,Drumbeltie Farm
454,73726864,West Drumatherty Farm
455,73726865,West Drumatherty Farm
456,73725963,Maryland
457,73725964,Maryland
458,73726297,Heughfield Road
459,73727547,Primary School
460,73726859,St Stephens Primary School
461,73726849,Craigton
462,73726848,Craigton
463,73728987,Kindrogan Centre Road End
464,73726847,Blackhall Farm
465,73726846,Blackhall Farm
466,73726845,Hatton Road Caravan Park
467,73726595,Craighall Place
468,73726476,Portmoak Primary School
469,73725764,Primary School
470,73725924,Primary School
471,73725925,Bridgefauld Road
472,73725926,Bridgefauld Road
473,73725853,Morlich Place
474,73725854,Morlich Place
475,73724959,Dunning road end
476,73726573,Smiddy Haugh Hotel
477,73727257,Community School Bus Park
478,73725379,Gleneagles Hotel
479,73723248,Moray Institute
480,73725385,Coaching Inn
481,73725384,Millhill Drive
482,73723245,Millhill Drive
483,73723247,Moray Institute
484,73723242,Gleneagles Hotel
485,73726547,Smiddy Haugh Hotel
486,73724265,Dunning road end
487,73723537,South Street
488,73727423,Mill of Peattie Crossroads
489,73727457,Balgersho Road End
490,73727456,Balgersho Road End
491,73727425,Newmill Road End
492,73727424,Newmill Road End
493,73727429,Springfield Road End
494,73728393,South Drop Off
495,73727426,Springfield Road End
496,73727427,Dunsinnan Estate Road End
497,73727428,Dunsinnan Estate Road End
498,73724795,Church
499,73724326,Church
500,73727392,War Memorial
501,73727389,Green Road
502,73727387,Green Road
503,73725243,Highfield Road
504,73724342,Highfield Road
505,73727972,Royal Infirmary Turning Circle
506,73727374,Hillfoot Farm Road End
507,73727373,Hillfoot Farm Road End
508,73727376,Over Buttergask
509,73728476,Larghan Park
510,73727375,Over Buttergask
511,73727379,Ledgertlaw Farm Road End
512,73727378,Ledgertlaw Farm Road End
513,73727384,Saucher Road End
514,73727382,Saucher Road End
515,73723452,Bus Shelter
516,73727386,Flowerdale Road End
517,73727385,Flowerdale Road End
518,73726798,Brands Brae
519,73726732,Gannochy Green
520,73729425,Larghan Park
521,73724382,Charlotte Street
522,73723529,High School Bus Park
523,73727454,Netherlea
524,73727439,Stormontfield Road
525,73727453,Hall
526,73724856,Strathearn Court
527,73727248,Rectory Road
528,73724529,Hospital
529,73727245,Strathearn Community Campus
530,73724254,Visitor Centre
531,73727247,Innerpeffray
532,73727246,Innerpeffray
533,73723754,Kinkell Cottage
534,73724828,Kinkell Cottage
535,73727254,Post Office
536,73727253,Post Office
537,73728379,War Memorial
538,73727393,School
539,73727256,Primary School
540,73724878,Drumness Farm
541,73724532,Drumness Farm
542,73724892,War Memorial
543,73724537,War Memorial
544,73728243,Cedarwood
545,73728475,Cedarwood
546,73723765,Road End
547,73724542,Primary School
548,73724867,Primary School
549,73725497,Post Office
550,73723637,Post Office
551,73724642,Road End
552,73724256,Road End
553,73724985,Road End
554,73724353,Road End
555,73723538,Garden Centre
556,73725476,Garden Centre
557,73725462,Post Office
558,73723647,Post Office
559,73725389,Gleneagles Station Road End
560,73725892,Craig Place
561,73725893,Craig Place
562,73725894,Bellyclone
563,73725895,DEL-Bellyclone
564,73724896,James Square
565,73728438,High School
566,73725467,Corlundy Crescent
567,73724968,Duchlage Court
568,73724235,Highland Crescent
569,73725469,Turretbank Place
570,73725472,Abbots Walk
571,73725878,Isle Cottage
572,73725879,DEL-Gorthy Toll
573,73725875,Abbey Farm
574,73725876,Abbey Farm
575,73725364,Fowlis Wester Road End
576,73723293,Fowlis Wester Road End
577,73727237,Grace Cottage
578,73727238,Grace Cottage
579,73723262,Murrayfield Loan
580,73726969,Old Post Office
581,73726968,Telephone Box
582,73726967,Telephone Box
583,73726965,Bridgend of Ardittie
584,73726978,Almond Grove
585,73726926,ASDA Entrance
586,73724792,Balnadrum Terrace
587,73727464,West Road End
588,73727459,The Grove
589,73727458,The Grove
590,73725658,Green
591,73723573,Abernyte Link Road
592,73723578,Church
593,73725696,Church
594,73725723,Eastbank Place
595,73727463,Castle Huntly Gates
596,73727462,Castle Huntly Gates
597,73725726,The Green
598,73725725,The Green
599,73723584,Carselea Road
600,73725672,Mylnefield Road
601,73725957,Hotel
602,73725958,Hotel
603,73725795,Drumdewan Road End
604,73725796,Drumdewan Road End
605,73726287,Hotel
606,73726289,Hotel
607,73726292,War Memorial
608,73726293,War Memorial
609,73725797,Hotel
610,73725798,Hotel
611,73726249,Village Hall
612,73726252,Village Hall
613,73727394,Hotel
614,73727395,Hotel
615,73726934,Cross
616,73727252,Willoughby Street
617,73727249,Willoughby Street
618,73726963,Comrie road end
619,73726964,Comrie road end
620,73726384,Smiddy Brae
621,73726385,Smiddy Brae
622,73726983,School Bus Park
623,73726976,Rowan Cottage
624,73725956,Rowan Cottage
625,73724539,Commissioner Street
626,73724245,Road End
627,73724578,Road End
628,73724373,Farm Road End
629,73724597,Farm Road End
630,73724628,Kirk
631,73724238,Kirk
632,73724289,The Blind Inn
633,73724286,The Blind Inn
634,73725245,Farm
635,73724292,Farm
636,73724232,Park Village
637,73724248,Hotel
638,73724249,Hotel
639,73724252,Scotston
640,73724785,Scotston
641,73734245,Murrayfield Loan
642,73723753,Mid Fordun Road End
643,73724827,Mid Fordun Road End
644,73725374,Strathallan Airfield
645,73723236,Strathallan Airfield
646,73723237,Ladyston
647,73725375,Ladyston
648,73723762,Easthill
649,73724748,Easthill
650,73727259,Glenorchil View
651,73727258,Glenorchil View
652,73723973,Loaninghead Flyover
653,73724764,Peterhead Farm Road End
654,73724784,Frandy Farm
655,73723974,Frandy Farm
656,73724754,Tormaukin Hotel
657,73723987,Tormaukin Hotel
658,73727534,Glenorchill Terrace
659,73726837,Mayfield road end
660,73726838,Mayfield road end
661,73726563,Scarth Road
662,73726839,Telephone Exchange
663,73726836,Loanfoot Cottage
664,73726835,Loanfoot Cottage
665,73729629,Mill Road
666,73723498,Kinfauns Castle
667,73723574,Store
668,73725728,Store
669,73723565,Cross
670,73725687,Dalgleish House
671,73723572,Bus Shelter
672,73725694,Bus Shelter
673,73725498,Flyover
674,73723726,Templehall Road End
675,73724762,Templehall Road End
676,73725676,Primary School
677,73725675,Primary School
678,73727536,Crown Car Park
679,73723523,Mountview
680,73725654,Mountview
681,73724759,Coach House
682,73724735,Coach House
683,73725234,Meadow Place
684,73726389,DEL-Kinbuck Primary School
685,73732425,Bohally
686,73732547,Bohally
687,73726358,Deer Park
688,73726359,Deer Park
689,73726937,Creagan
690,73726938,Creagan
691,73726936,Hotel
692,73726935,Hotel
693,73793248,Alexander Drive
694,73725793,Road End
695,73725794,Road End
696,73723896,East Haugh
697,73724826,East Haugh
698,73726948,Donavourd
699,73726949,Donavourd
700,73726946,Distillery
701,73726947,Distillery
702,73726956,The Knapp
703,73726954,The Knapp
704,73726535,Church Hall
705,73726587,Church Hall
706,73725695,Railway Station
707,73725953,Village Shop
708,73725783,House of Bruar
709,73726369,Post Box
710,73726372,Post Box
711,73725975,Old School
712,73725976,Old School
713,73727962,Post Office
714,73727963,Inverack
715,73726348,Road End
716,73726929,Lodge
717,73726392,Old Station
718,73723692,Post Office
719,73726394,Telephone Box
720,73726393,Telephone Box
721,73726435,War Memorial
722,73726395,Post Office
723,73726396,Post Office
724,73726397,Meggernie Castle
725,73726423,Gallin
726,73726285,Road End
727,73726284,Power Station
728,73723683,Tesco
729,73723684,Tesco
730,73723689,Tesco
731,73727656,DEL-Perth Mart
732,73726973,Forglen
733,73726972,Forglen
734,73726975,Skelton Road
735,73726974,Skelton Road
736,73738529,Sauchie Road
737,73723723,Lawgrove Place
738,73723682,McDiarmid Park
739,73725294,McDiarmid Park
740,73723695,Crieff Road
741,73725267,Crieff Road
742,73724546,Unity Terrace
743,73723674,Unity Terrace
744,73724528,Royal Bank of Scotland
745,73724854,Royal Bank of Scotland
746,73724848,Retail Park
747,73724234,Barrack Street
748,73723645,High Street
749,73723642,High Street
750,73723648,High Street
751,73724865,Fairfield
752,73724363,Fairfield
753,73724953,Bruce Crescent
754,73724379,Bruce Crescent
755,73724247,Tulloch Terrace
756,73724253,Tulloch Terrace
757,73725279,Primary School
758,73723436,Primary School
759,73724389,Sandeman Court
760,73724923,Sandeman Court
761,73724239,Newton Place
762,73723967,Newton Place
763,73723978,Alma Avenue
764,73724343,Pullar Terrace
765,73725239,Pullar Terrace
766,73724696,Primrose Crescent
767,73723459,Garth Avenue
768,73725297,Milton Road
769,73723968,Newton House
770,73723656,High Street
771,73723457,Garth Avenue
772,73725324,Strathtay Road
773,73723453,Strathtay Road
774,73725325,Fortingall Place
775,73762582,Primary School
776,73725328,Appin Terrace
777,73723274,Primary School
778,73725283,Primary School
779,73723256,Our Ladys Primary School
780,73725274,Our Ladys Primary School
781,73723252,Struan Road
782,73724548,Cluny Terrace
783,73724796,Fortingall Place
784,73723768,Cluny Terrace
785,73734242,Lettoch Road
786,73724689,Campsie Road
787,73725278,Campsie Road
788,73723748,Moulin Crescent
789,73723756,DEL-Newhouse Road
790,73723752,Kenmore Terrace
791,73724824,Kenmore Terrace
792,73723626,Welcome Inn
793,73725265,Welcome Inn
794,73723246,Letham Day Centre
795,73725269,Day Centre
796,73745879,Lettoch Terrace
797,73723284,Dunsinane Drive
798,73725295,Dunsinane Drive
799,73723797,Kingswell Terrace
800,73725327,Mercer Terrace
801,73723279,Mercer Terrace
802,73723259,Marlee Road
803,73725293,Marlee Road
804,73725298,Campsie Road
805,73723268,Campsie Road
806,73723265,Tweedsmuir Road
807,73745897,Knockhard Road
808,73723264,Kingswell Place
809,73723263,Kingswell Terrace
810,73725292,Goodlyburn Terrace
811,73725289,Rannoch Road
812,73724728,Rannoch Road
813,73724726,Rannoch Road
814,73723586,Hillcrest Avenue
815,73724723,Church Street
816,73724769,Wellshill Cemetery
817,73723743,Wellshill Cemetery
818,73734246,High School
819,73723583,Longcauseway
820,73725284,Longcauseway
821,73724849,Letham Road
822,73724392,Letham Road
823,73723579,Goodlyburn Place
824,73725323,Goodlyburn Place
825,73723563,Hawarden Terrace
826,73723569,Hawarden Terrace
827,73725282,Rose Crescent
828,73723567,Spens crescent
829,73734235,Tomcroy Terrace
830,73724758,Coach House Court
831,73723736,Coach House Court
832,73724897,Letham Road
833,73725285,Fairies Road
834,73723576,Fairies Road
835,73725286,Craiglea Road
836,73723636,Mountview Road
837,73723625,Ambulance Depot
838,73745874,Darach Road
839,73723737,Muirend Road
840,73725342,Cargill Place
841,73723595,Cargill Place
842,73723594,Firbank Road
843,73725268,Firbank Road
844,73725272,Mavisbank Gardens
845,73723493,Mavisbank Gardens
846,73725275,Newhouse Road
847,73723487,Newhouse Road
848,73724385,Soutar Crescent
849,73745895,Well Brae
850,73724525,Soutar Crescent
851,73724943,Ferguson Drive
852,73723846,Ferguson Drive
853,73724636,Trinafour
854,73723837,Trinafour
855,73723479,Grange Terrace
856,73725296,Grange Terrace
857,73724596,Traquair Gardens
858,73724874,Alder Drive
859,73724543,Perth High School
860,73724894,Ross Avenue
861,73724534,Ross Avenue
862,73724853,Oakbank Place
863,73724584,Cleeve Drive
864,73724547,Oakbank Place
865,73723854,Oakbank Crescent
866,73723853,Viewlands Road
867,73725276,Muirend Avenue
868,73725685,Community Centre
869,73723526,Community Centre
870,73725625,Elm Lane
871,73723527,Elm Lane
872,73725626,Beechgrove Drive
873,73753262,Hillcrest Avenue
874,73728254,Hill Farm Cottages
875,73725628,Cedar Place
876,73723532,Holly Terrace
877,73723534,Rosslyn House
878,73725632,Elibank Street
879,73723562,York Place
880,73725647,York Place
881,73723859,Commercial Street
882,73727965,Errol Park Estate
883,73723862,Hatton Way
884,73723543,Langley Place
885,73723864,Langley Drive
886,73724565,Murray Royal Hospital
887,73723852,Murray Royal Hospital
888,73723868,Lochie Brae
889,73724976,Strathmore Street
890,73724873,Kinnoull Hill
891,73724872,Bowerswell Road
892,73725635,Canal Street
893,73724967,Hospital Street
894,73723545,Park and Ride
895,73725637,Lamberkine Drive
896,73723547,Lamberkine Drive
897,73725639,Braeside Gardens
898,73723549,Braeside Gardens
899,73723489,Murray Place
900,73734236,Longleys
901,73723536,Elibank Street
902,73724657,South Methven Street
903,73724652,Scott Street
904,73723478,Tesco
905,73724678,DEL-Carpenter Court
906,73724679,St Johns RC Church
907,73723826,St Johns RC Church
908,73724683,Balhousie Avenue
909,73723827,Balhousie Avenue
910,73724685,Premier Store
911,73745896,Longleys
912,73723828,Premier Store
913,73723829,Balhousie Street
914,73724686,Balhousie Street
915,73723832,Ainslie Gardens East
916,73724637,Ainslie Gardens East
917,73723834,Sandpiper Gardens
918,73724626,Sandpiper Gardens
919,73723482,Day Centre
920,73723483,Osprey Drive
921,73725646,Osprey Drive
922,73745875,Mains of Camno
923,73723825,Water Works
924,73724627,Water Works
925,73723839,Lewis Place
926,73724629,Lewis Place
927,73723842,Crammond Place
928,73724632,Crammond Place
929,73723843,Rona Court
930,73724634,Rona Court
931,73724879,Brora Court
932,73724294,Brora Court
933,73745894,Mains of Camno
934,73724893,Jura Street
935,73724535,Jura Street
936,73723484,Ainslie Gardens West
937,73725489,Ainslie Gardens West
938,73725486,Kings Place
939,73723847,St Leonards Bank
940,73723485,Post Office
941,73724654,Post Office
942,73724864,Glenearn Community Campus
943,73724364,Glenearn Community Campus
944,73734239,Visitor Centre
945,73724857,Glenearn Carpets
946,73724932,Edwards Engineering
947,73725634,Glenlyon Road
948,73724647,Craigie Road
949,73724645,Glenfarg Terrace
950,73723923,Glenfarg Terrace
951,73724946,Quarry
952,73724376,Quarry
953,73723836,Glendevon Road
954,73723876,Glenlochy Road
955,73723938,Craigie Knowes Road
956,73724649,Glendevon Road
957,73723939,Craigie Knowes Road
958,73723942,Craigie Knowes Avenue
959,73724293,Craigie Knowes Avenue
960,73724374,Knowelea Terrace
961,73724957,Knowelea Terrace
962,73724287,Abbot Crescent
963,73724958,Abbot Crescent
964,73724938,Needless Road
965,73724375,Needless Road
966,73724393,Parish Church
967,73724947,Parish Church
968,73725479,Priory Place
969,73724283,Comleybank
970,73724282,Comleybank
971,73725238,Fitzroy Terrace
972,73724267,Fitzroy Terrace
973,73724259,Whinniemuir Cottages
974,73725249,Whinniemuir Cottages
975,73724262,Murrayshall Road End
976,73725235,Murrayshall Road End
977,73724263,Cemetery
978,73725256,Cemetery
979,73724987,Strathmore Street
980,73724989,Bonhard Road
981,73724276,Bonhard Road
982,73724378,RDM Institute
983,73724928,Hanover Gardens
984,73724387,Hanover Gardens
985,73724954,Stormont Road
986,73724653,Greystanes
987,73724675,Catmoor Road
988,73724386,Corrie Place
989,73724942,Corrie Place
990,73724273,Abbey Terrace
991,73725482,Scone Palace
992,73723945,Kinnoull Street
993,73724963,Upper Springland
994,73724356,Upper Springland
995,73724964,Tayside Nursing Home
996,73724358,Tayside Nursing Home
997,73724329,Bowerswell Road
998,73725483,Inveralmond House
999,73723947,Denmarkfield
1000,73723964,Visitor Centre
1001,73724589,Visitor Centre
1002,73724598,Lyndale
1003,73723949,Innewan Place
1004,73723954,Atholl Hotel
1005,73724595,Atholl Hotel
1006,73723956,Scotstoun
1007,73724746,Scotstoun
1008,73724592,Road End
1009,73724576,Inchewan
1010,73723958,Inchewan
1011,73723959,Laiken
1012,73723925,Royal School Of Dunkeld
1013,73724583,Royal School Of Dunkeld
1014,73723494,Bruce Gardens
1015,73725484,Bruce Gardens
1016,73725485,Royal Dunkeld Hotel
1017,73724579,Rose Cottage
1018,73723892,Rose Cottage
1019,73724648,Bus Bay
1020,73723894,Bus Bay
1021,73723895,Level Crossing
1022,73724829,Level Crossing
1023,73723897,Aldour
1024,73728267,Gowrie Farm
1025,73727969,House No 159
1026,73729378,Visitor Centre
1027,73727438,Airport
1028,73728757,Brickworks
1029,73735389,Medical Centre
1030,73725623,Newholme Avenue
1031,73723495,Newholme Avenue
1032,73723497,Well Brae
1033,73724952,Darach Road
1034,73723936,Tomcroy Terrace
1035,73723879,High School Bus Park
1036,73724983,Knockard Road
1037,73724979,Lettoch Terrace
1038,73724972,Town Hall
1039,73723927,Inn
1040,73724837,Tulliemet Road End
1041,73724843,Denmarkfield
1042,73724838,Bute Drive
1043,73723929,Bute Drive
1044,73724835,Duncansby Way
1045,73723932,Duncansby Way
1046,73724842,ASDA
1047,73723782,ASDA
1048,73723934,Manse Road
1049,73724846,Manse Road
1050,73724927,Fairmount Road
1051,73723848,Fairmount Road
1052,73724384,Branklyn Gardens
1053,73723564,Road End
1054,73723476,Road End
1055,73723593,Glendoick Garden Centre
1056,73725492,Glendoick Garden Centre
1057,73723596,Drums Of Ardgaith
1058,73723597,North Murie
1059,73725493,North Murie
1060,73723598,Inchcoonans Road End
1061,73725494,Inchcoonans Road End
1062,73723623,Megginch Castle
1063,73723638,West Inchmichael Cottages
1064,73725495,Horn Milk Bar
1065,73723592,Horn Milk Bar
1066,73723627,Westown Road End
1067,73723628,Westown Road End
1068,73723629,Middlebank
1069,73723634,Meadowview Drive
1070,73723635,DEL-Meadowview
1071,73723632,Middlebank
1072,73725496,Meadowview Drive
1073,73724725,Glebe Park
1074,73723738,DEL-Glebe Park
1075,73723624,Community Centre
1076,73725636,Cottown
1077,73725686,Leetown
1078,73725689,School Wynd
1079,73725692,Primary School
1080,73725693,Viewlands
1081,73723568,Viewlands
1082,73723589,Old Knapp Road End
1083,73723575,Rosebank Cottage
1084,73725729,Rosebank Cottage
1085,73725369,Hotel
1086,73723272,Hotel
1087,73725698,Station Road
1088,73724752,Mary Findlay Drive
1089,73723728,Mary Findlay Drive
1090,73723582,DEL-The Drive
1091,73725724,DEL-The Drive
1092,73724768,Woodland Way
1093,73723793,Woodland Way
1094,73725727,Carse Place
1095,73724782,Carse Place
1096,73723783,Station Road
1097,73724727,Station Road
1098,73723784,Dryburgh Terrace
1099,73724693,Dryburgh Terrace
1100,73723785,Primary School
1101,73724697,Primary School
1102,73723585,Greystane Road
1103,73725697,Greystane Road
1104,73723587,Invergowrie Inn
1105,73725649,Invergowrie Inn
1106,73725652,Star Inn
1107,73723462,Star Inn
1108,73725653,Castle Brae
1109,73723257,Perth Mart
1110,73723824,Balmanno Park
1111,73724692,Kintillo Road
1112,73723749,Kintillo Road
1113,73725656,Kintillo Place
1114,73725657,Kintillo Place
1115,73723267,Paradise Avenue
1116,73725683,Paradise Avenue
1117,73725648,Pitkeathly Villas
1118,73723286,Pitkeathly Villas
1119,73724868,Road End
1120,73724536,Road End
1121,73723278,Broomhill
1122,73725674,Broomhill
1123,73723282,Croft Place
1124,73723795,Croft Place
1125,73723796,St Serfs Church
1126,73724787,St Serfs Church
1127,73724984,Wester Balgour
1128,73723798,Wester Balgour
1129,73723823,Oak Tree Cottage
1130,73723759,Oak Tree Cottage
1131,73725678,Millhaugh
1132,73723283,Millhaugh
1133,73725679,Rossiebank
1134,73723285,Rossiebank
1135,73725682,Pairney
1136,73725452,Pairney
1137,73725345,Broadfold Road End
1138,73723659,Broadfold Road End
1139,73723243,Ruthven Park
1140,73725478,Ruthven Park
1141,73723235,Darnley Hill
1142,73725372,Darnely Hill
1143,73725373,Abbey Road
1144,73723238,Caerlaverock
1145,73725376,Caerlaverock
1146,73725393,Knappilands
1147,73723239,Knappilands
1148,73725252,Loaninghead Flyover Southbound
1149,73724264,Loaninghead Flyover
1150,73725368,Drumcairn Road End
1151,73724969,Longfauld
1152,73723258,Longfauld
1153,73725259,DEL-Dam of Quoigss
1154,73725242,Woodside Cottage
1155,73724325,Woodside Cottage
1156,73725254,Balhaldie Filling Station
1157,73724327,Balhaldie Filling Station
1158,73724269,Sherrifmuir Close
1159,73725383,Sherrifmuir Close
1160,73723249,Coaching Inn
1161,73725386,Turning Circle
1162,73725387,Church
1163,73723253,Gleneagles Station Road End
1164,73723254,St Margarets Crescent
1165,73725392,St Margarets Crescent
1166,73723289,Orchil Crescent
1167,73724695,Orchil Crescent
1168,73723234,Drummond Avenue
1169,73725356,Drummond Avenue
1170,73725353,The Paddock
1171,73725378,The Paddock
1172,73724357,Murray Road
1173,73724352,Murray Road
1174,73725262,Perth Airport
1175,73724345,Perth Airport
1176,73724974,Pitroddie Road End
1177,73724349,Pitroddie Road End
1178,73723975,Laurieston
1179,73724794,Laurieston
1180,73724786,Rosefield
1181,73724362,Rosefield
1182,73723438,Croftanrigh
1183,73723439,Croftanrigh
1184,73725347,Bus Shelter
1185,73725348,Gray Park
1186,73723454,Gray Park
1187,73724836,Hall Crescent
1188,73725352,Station Road
1189,73725354,Lochty
1190,73723437,Lochty
1191,73723985,Lochty Industrial Est
1192,73724732,Lochty Industrial Est
1193,73724729,RN Stores
1194,73723984,RN Stores
1195,73724869,Gellyburn Road
1196,73723965,Bridgeton Store
1197,73723982,Roman Road
1198,73723979,Bridgeton Store
1199,73723976,Pigeon Rock
1200,73727686,Pigeon Rock
1201,73723463,Playing Fields
1202,73725343,DEL-Pitcairngreen
1203,73724369,Tibbermore Road End
1204,73724948,Tibbermore Road End
1205,73723465,Jubilee Park
1206,73723467,Jubilee Park
1207,73723472,Garage
1208,73725357,Garage
1209,73725358,Craigend Road End
1210,73723424,Craigend Road End
1211,73725359,Wester Keillour Road End
1212,73723298,Wester Keillour Road End
1213,73725363,Madderty Road End
1214,73723292,Madderty Road End
1215,73723295,Golf Course
1216,73725425,Golf Course
1217,73724737,Ochill View Gardens
1218,73724739,Ochill View Gardens
1219,73724274,Dollerie Terrace
1220,73724962,Dollerie Terrace
1221,73725474,Ramsay Street
1222,73724847,West High Street
1223,73724243,Milnab Street
1224,73724397,Nursing Home
1225,73724939,Nursing Home
1226,73724398,Macrosty Park
1227,73724929,Macrosty Park
1228,73723296,Dalvreck House
1229,73725454,Dalvreck House
1230,73723297,Monzievaird Village Hall
1231,73725456,Monzievaird Village Hall
1232,73723423,Comrie Croft
1233,73725457,Comrie Croft
1234,73725458,West Lodge Caravan Park
1235,73723287,West Lodge Caravan Park
1236,73723425,Library
1237,73725459,Library
1238,73724348,Post Office
1239,73724523,War Memorial
1240,73724587,Earnhope
1241,73724246,Glenlee
1242,73724936,Strowan Road
1243,73724937,Medical Centre
1244,73724973,White Church
1245,73724396,Stonefield
1246,73724935,Dunadin
1247,73724359,Parish Church
1248,73725475,Parish Church
1249,73724524,Bridge of Ross
1250,73724956,Bridge of Ross
1251,73725463,Dalchonzie
1252,73723428,Dalchonzie
1253,73723429,Station Road
1254,73725439,Station Road
1255,73724372,Arrans Hotel
1256,73723432,Arrans Hotel
1257,73724368,Achray House Hotel
1258,73723434,Achray House Hotel
1259,73724242,Four Seasons Hotel
1260,73725236,Burrell Square
1261,73724284,Meadow Place
1262,73726892,Graham Court
1263,73724684,Hollybush Road
1264,73725468,Broich Terrace
1265,73724852,Commissioner Street
1266,73724682,Turleum Road
1267,73725232,Fletcher Place
1268,73725465,Alligan Road
1269,73724986,Health Centre
1270,73724978,Sauchie Road
1271,73724575,Glenogle Court
1272,73724982,Laggan Road
1273,73724354,Laggan Road
1274,73724895,Angus Crescent
1275,73724236,Angus Crescent
1276,73725253,Morrisons Academy West
1277,73725246,Chapel Road
1278,73724323,Chapel Road
1279,73724749,McHaney Court
1280,73724237,McHaney Court
1281,73724643,Visitor Centre
1282,73723657,Monzie Road End
1283,73725473,Monzie Road End
1284,73725464,Road End
1285,73724934,DEL-Forteviot Road End
1286,73724863,DEL-Forteviot Road End
1287,73723652,Bus Bay
1288,73724965,Pitroddie Farm Road End
1289,73724297,Pitroddie Farm Road End
1290,73724257,Road End
1291,73724549,Road End
1292,73724569,Cruachan
1293,73723935,Cruachan
1294,73724562,Baledgarno
1295,73723767,Baledgarno
1296,73724832,Road End
1297,73723758,Phone Box
1298,73724346,Bank Of Scotland
1299,73723757,Library
1300,73723724,Waverly Court
1301,73723725,Strathmore Place
1302,73723697,Belmont Place
1303,73725395,Belmont Place
1304,73725396,Strathmore Place
1305,73723693,Cottage Hospital
1306,73723643,Cottage Hospital
1307,73725397,Belmont Castle
1308,73723646,Belmont Castle
1309,73725398,Meigle Road
1310,73723792,Kirkton Road
1311,73724789,Kirkton Road
1312,73723673,Honeyberry Drive
1313,73725438,Honeyberry Drive
1314,73724258,Sidlaw Road
1315,73725263,Sidlaw Road
1316,73725426,Boat Brae
1317,73723787,Newmilne Cottages
1318,73724724,Newmilne Cottages
1319,73723786,Hall Road
1320,73724765,Hall Road
1321,73723729,Wolfhill Road
1322,73724747,Wolfhill Road
1323,73723739,Ardblair Road
1324,73724767,Whinstead
1325,73723732,Essendy Road
1326,73723745,West Altamount lane
1327,73723746,West Altamount lane
1328,73723735,Ardblair Road
1329,73724285,Ann Street
1330,73724694,Ann Street
1331,73725428,Dunkeld Road
1332,73723679,Dunkeld Road
1333,73724278,Jessie Street
1334,73724296,High Street
1335,73724395,St Ninians Road
1336,73724925,St Ninians Road
1337,73724394,Airlie Place
1338,73724924,Airlie Place
1339,73724898,Briarbank
1340,73726939,Newhall Street
1341,73748746,Thorn
1342,73786938,Newlands Farm
1343,73726942,Prison
1344,73725936,Princes Street
1345,73725937,Edinburgh Road
1346,73725938,Edinburgh Road
1347,73725939,Prison
1348,73725942,Tesco
1349,73725943,Friarton Road
1350,73726452,Craigclowan School
1351,73725945,Friarton Road
1352,73725946,Cottages
1353,73725947,Cottages
1354,73725784,Wallacetown Road
1355,73725785,Wallacetown Road
1356,73725792,Side Street
1357,73725789,Side Street
1358,73726298,Balmanno Park
1359,73752543,Farragon Drive
1360,73752729,Taybridge Terrace
1361,73753539,Leetown
1362,73759258,Murray Terrace
1363,73758527,Viewlands Place
1364,73727975,Cottown
1365,73728356,Hill Farm Cottages
1366,73728263,Mains of Errol
1367,73725965,Nethermill
1368,73725967,Front Row
1369,73725968,Glenfoot Road
1370,73725732,Castlelaw Crescent
1371,73725734,Castlelaw Crescent
1372,73725735,Lismore
1373,73725736,Annfield
1374,73725737,Hotel
1375,73725738,Hotel
1376,73725743,Inkerman Alley
1377,73725745,Inkerman Alley
1378,73725746,Southfield
1379,73725747,Cemetery
1380,73726262,Duncrievie
1381,73726263,Duncrievie
1382,73725959,Elm Cottage
1383,73726264,Elm Cottage
1384,73726265,Ladeside
1385,73726269,Greenbank Road
1386,73726272,Greenbank Road
1387,73726273,Hillwood
1388,73726274,Fordel Road End
1389,73726275,Fordel Road End
1390,73726276,Bein Inn
1391,73726278,Bein Inn
1392,73725969,Balnagowan
1393,73725972,Balnagowan
1394,73725896,Ashley House
1395,73725897,Burleigh Road Junction
1396,73725898,Victoria Avenue
1397,73725923,Victoria Avenue
1398,73726379,Balado Crossroads
1399,73726239,Drumhead
1400,73725986,Fossoway Garage
1401,73725987,Fossoway Garage
1402,73725989,Post Office
1403,73726325,Gartwhinzean Loan
1404,73726326,Gartwhinzean Loan
1405,73726235,Naemoor Road
1406,73725836,Kirklands Hotel
1407,73725834,Lomond Mews
1408,73725837,Green Hotel
1409,73728234,Mains of Errol
1410,73725842,The Muirs
1411,73725843,Gallowhill Road
1412,73725845,Gallowhill Road
1413,73725752,Castle Wynd
1414,73725753,Castle Wynd
1415,73725757,St Kessogs Place
1416,73725758,Spar
1417,73725759,Sydney Crescent
1418,73725762,St Margaret's Hospital
1419,73725763,St Margaret's Hospital
1420,73726382,Berrydyke Farm
1421,73726383,Berrydyke Farm
1422,73726386,Greenhaugh Way
1423,73726387,Greenhaugh Way
1424,73726279,Allanbank Inn
1425,73726282,Allanbank Inn
1426,73726454,Mid Lane
1427,73746246,Leadenflower Place
1428,73734247,Lochend Farm Shop
1429,73748535,Lochend Farm Shop
1430,73734328,Garden Cottage
1431,73745685,Charlesfield
1432,73757425,Blairbell Cottage
1433,73739758,Charlesfield
1434,73732865,Garden Cottage
1435,73736954,Breadalbane Community Campus
1436,73734252,The Hub
1437,73787285,Rohallion
1438,73734569,Newlands Farm
1439,73745856,Loch Rannoch Hotel
1440,73749257,Clunbeg
1441,73734248,Clunbeg
1442,73769594,Dewars World of Whisky
1443,73736982,Moness Resort
1444,73745972,Griffin Wind Farm
1445,73734249,Griffin Wind Farm
1446,73793269,Auchingarrich Wildlife Centre
1447,73765825,Hydro Hotel
1448,73753793,West Lowbank Cottage
1449,73737238,Moness Resort
1450,73784375,Famous Grouse Experience
1451,73753895,The Lade
1452,73728264,Monart Road
1453,73753928,Clunie Bridge Road
1454,73793296,Clunie Bridge Road
1455,73757686,Depot
1456,73739894,Depot
1457,73784637,East Kirkton Farm
1458,73787289,East Kirkton Farm
1459,73765484,West Mains Farm
1460,73734256,West Mains Farm
1461,73739835,Donafuil
1462,73745868,Glenlyon Road End
1463,73748724,Glenlyon Road End
1464,73734257,Preston Watson Street
1465,73736975,Gleneagles Station
1466,73745737,Club
1467,73736978,Mains of Keithick Farm
1468,73748726,Mains of Keithick Farm
1469,73748723,Balmyle Farm
1470,73798956,Balmyle Farm
1471,73736976,Colbeggie
1472,73732872,Colbeggie
1473,73739839,Park and Ride
1474,73748698,Golf Club
1475,73736974,Greenloaning Farm
1476,73745864,Leadenflower Place
1477,73753728,Holly Place
1478,73728248,Lair
1479,73753748,Gwydyr Road
1480,73728259,Lair
1481,73757464,Addison Terrace
1482,73753754,Alligan Road
1483,73757592,Hillhead Farm
1484,73732873,Hillhead Farm
1485,73728252,Loch Leven Larder
1486,73728375,Loch Leven Larder
1487,73728435,Burleigh Sands
1488,73728524,Burleigh Sands
1489,73728954,Clova Avenue
1490,73757593,Millburn
1491,73769436,Millburn
1492,73796234,Foresters Croft
1493,73798954,Foresters Croft
1494,73757594,Co-op
1495,73757595,Inchbrakie Gardens
1496,73748727,Bus Turning Point
1497,73753756,Ochil View Gardens
1498,73762648,Hollybush Drive
1499,73753592,Hollybush Drive
1500,73753753,Medical Centre
1501,73762645,West Third
1502,73765485,West Third
1503,73753749,Milton of Machany
1504,73765487,Milton of Machany
1505,73736979,West Mains of Colquhalzie
1506,73784376,West Mains of Colquhalzie
1507,73769434,Dallich Road End
1508,73753752,Dallick Road End
1509,73757597,Mossgeil
1510,73769438,Mossgeil
1511,73765486,Millhills
1512,73784287,Millhills
1513,73769432,Dolleriemuir
1514,73757596,Dolleriemuir
1515,73765489,West Lowbank Cottage
1516,73784374,Westhill
1517,73732874,Westhill
1518,73769479,Cultybraggan
1519,73762647,Arlary road end
1520,73787325,Arlary road end
1521,73787342,Easter Balado
1522,73762652,Easter Balado
1523,73784378,Easter Clunie
1524,73762646,Gelvan road end
1525,73793238,Gelvan road end
1526,73769437,Mawcarse road end
1527,73787527,Balgedie Court
1528,73795986,Mawcarse road end
1529,73787328,Bogmiln Farm
1530,73793273,Bogmiln Farm
1531,73784382,Level Crossing
1532,73798949,Level Crossing
1533,73765483,East Leys Farm
1534,73795987,East Leys Farm
1535,73769435,Bankfoot road end
1536,73798952,Bankfoot road end
1537,73753827,Glenfoot Road
1538,73784379,Orchil Castle
1539,73796235,Orchil Castle
1540,73787329,Damside Farm
1541,73798953,Damside Farm
1542,73765628,Myreside Cottage
1543,73736989,Kinnaird House
1544,73784392,Kinnaird House
1545,73734267,Mains of Mause
1546,73784398,Mains of Mause
1547,73757638,Easter Denhead Farm
1548,73728274,Easter Denhead Farm
1549,73762679,Burnside Cottage
1550,73753784,Byres Farm
1551,73728262,Byres Farm
1552,73739838,Briarbank
1553,73728257,Scone of Lethendy
1554,73753765,Scone of Lethendy
1555,73748737,Balboughty Cottages
1556,73728256,Balboughty Cottages
1557,73798689,Cardney Lodge
1558,73792792,Cardney Lodge
1559,73793265,Fungarth
1560,73798783,Fungarth
1561,73787327,West Jordansone Farm
1562,73787326,West Jordansone Farm
1563,73793268,Mains of Persie
1564,73795989,Mains of Persie
1565,73796232,Finegand Farm
1566,73793267,Finegand Farm
1567,73728265,Burnside Cottage
1568,73734275,The Milton
1569,73793283,The Milton
1570,73798967,Wester Feddal Farm
1571,73796245,Glassick Farm
1572,73769459,School Bus Park
1573,73739849,Greenhill Farm
1574,73765498,Greenhill Farm
1575,73787359,Auchilhanzie
1576,73787352,Maple Road
1577,73796253,Feddal Road
1578,73748752,Feddal Road
1579,73769524,Thorn road end
1580,73728268,Easter Rattray
1581,73769439,Easter Rattray
1582,73762682,South Inch Car Park
1583,73757652,Tullybaccart Farm
1584,73757952,Hallyburton Lodge
1585,73728272,Hallyburton Lodge
1586,73734292,Black Watch Museum
1587,73765738,NISA
1588,73753879,Clashburn Way
1589,73787579,Levenbridge Place
1590,73737245,Levenbridge Place
1591,73795968,Waverly Court
1592,73757683,Easter Clunie
1593,73742437,Auchilhanzie
1594,73762689,Hotel
1595,73787437,Clashburn Way
1596,73725927,War Memorial
1597,73734269,South Inch Car Park
1598,73798957,Cultybraggan Camp
1599,73734253,Visitor Centre Car Park
1600,73734254,Perth Academy
1601,73739837,Palace
1602,73736973,Palace
1603,73739834,Wellmeadow
1604,73757573,Jamesfield
1605,73769256,Jamesfield
1606,73748725,Wellmeadow
1607,73745862,Leadketty Farm
1608,73762649,Leadketty Farm
1609,73725973,Post Office
1610,73725974,Post Office
1611,73725954,Village Shop
1612,73726436,War Memorial
1613,73726286,Road End
1614,73726398,Meggernie Castle
1615,73726424,Gallin
1616,73725765,Tilt Hotel
1617,73725767,Tilt Hotel
1618,73725978,Lay by 56
1619,73725979,Lay by 57
1620,73726347,Old Post Office
1621,73726349,Road End
1622,73726353,Riverside
1623,73726354,Riverside
1624,73726357,Loch Tummel Hotel Road End
1625,73726362,Pitagowan Road End
1626,73726363,Pitagowan Road End
1627,73725948,Dysart Road
1628,73725949,Dysart Road
1629,73725952,Post Office
1630,73728357,Beech Hedge
1631,73725432,Mountview Road
1632,73727635,DEL-Caledonian Road Primary School
1633,73725435,Ambulance Depot
1634,73724738,Hillend Road
1635,73723963,Church Street
1636,73725835,Kirklands Hotel
1637,73725838,Green Hotel
1638,73725839,The Muirs
1639,73734986,Innewan Gardens
1640,73728237,Innewan Place
1641,73725932,Orwell Bowling Club
1642,73728759,Co-op
1643,73728957,Twenty Shilling Wood
1644,73725934,Mayfield Gardens
1645,73725935,Mayfield Gardens
1646,73726375,Burnside Cottage
1647,73726376,Burnside Cottage
1648,73725823,Garage
1649,73725824,Lomond Inn
1650,73725825,Lomond Inn
1651,73726342,Well Inn
1652,73726345,Old Garage
1653,73725865,Smith Street
1654,73726253,Hatchbank Road
1655,73724734,Newton House
1656,73723875,Primary School
1657,73724656,Primary School
1658,73724625,Village Hall
1659,73723874,Village Hall
1660,73724564,Druids Park
1661,73723873,Druids Park
1662,73724572,Broompark
1663,73723872,Broompark
1664,73723878,Bus Shelter
1665,73724563,Bus Shelter
1666,73725437,Glendelvine Primary School
1667,73723687,Glendelvine Primary School
1668,73723858,Bishopryfauld
1669,73724593,Bishopryfauld
1670,73728535,Beech Hedge
1671,73728242,Twenty Shilling Wood
1672,73724527,Bendochy Crossroads
1673,73724858,Bendochy Crossroads
1674,73724347,Cherrybank
1675,73725264,Cherrybank
1676,73724328,Inn
1677,73725247,Inn
1678,73725248,Hawthorn Cottage
1679,73724545,DEL-Woodside Main Road
1680,73725257,DEL-Station Road
1681,73723969,Market Street
1682,73724324,DEL-Woodside Hall Crescent
1683,73726453,Millhill View
1684,73726254,Hatchbank Road
1685,73725826,Garage
1686,73723639,Farm Road End
1687,73723946,Post Office
1688,73724586,Post Office
1689,73723952,Post Office
1690,73724582,Post Office
1691,73723898,Hotel
1692,73724635,Hotel
1693,73723849,Hotel
1694,73724646,Hotel
1695,73723835,Hotel
1696,73724676,Hotel
1697,73726526,Tesco
1698,73726528,Dobbies Garden Centre
1699,73726548,Murray Place
1700,73726546,Russell Street
1701,73726543,East Brougham Street
1702,73726545,East Brougham Street
1703,73726723,Kirkhill House
1704,73726574,Marshall Way
1705,73726589,Marshall Way
1706,73726726,Hatton Place
1707,73726592,Hatton Place
1708,73726532,Loanfoot Park
1709,73726549,Loanfoot Park
1710,73726585,Glenisla Court
1711,73726579,Glendevon Court
1712,73726578,Play Park
1713,73726576,DEL-Glenalmond Road
1714,73726575,Ferguson Park Road
1715,73726593,Park
1716,73726594,Park
1717,73726596,Abbotsford Crescent
1718,73726597,Ash Grove
1719,73726598,Ash Grove
1720,73726536,Fairhill Drive
1721,73726537,Fairhill View
1722,73726538,Ochil Nursing Home
1723,73726539,Muircroft Terrace
1724,73726542,Perth Academy
1725,73726562,Buchan Drive
1726,73726564,Buchan Road
1727,73726565,Athollbank Drive
1728,73726567,Viewlands Place
1729,73726568,Academy
1730,73726569,Oakbank Crescent
1731,73726572,Oakbank Crescent
1732,73726534,Wilson Street
1733,73726757,Wilson Street
1734,73726762,Queens Court
1735,73726795,Queens Court
1736,73726763,Murray Crescent
1737,73726759,Murray Crescent
1738,73726765,Glamis Place
1739,73726767,Glamis Place
1740,73726768,Pitheavlis Terrace
1741,73726769,Pitheavlis Terrace
1742,73726782,Pickletullum Road
1743,73726783,Pickletullum Road
1744,73726784,Gray Street
1745,73726792,DEL-Gray Street
1746,73726796,Rosslyn House
1747,73726794,Muirfield Court
1748,73726785,Muirfield Court
1749,73726729,Haddon Road
1750,73726728,Farm Road
1751,73726734,Annat Road
1752,73726736,Goshen Terrace
1753,73726745,Mayfield Road
1754,73726727,Douglas Road
1755,73726756,Goshen Crescent
1756,73726754,Mayfield Terrace
1757,73726753,Cross Street
1758,73726752,Cross Street
1759,73726748,Robert Douglas Memorial Home
1760,73726747,Robert Douglas Memorial Home
1761,73726746,Library
1762,73726789,Library
1763,73726786,Lyon Avenue
1764,73726764,Birch Terrace
1765,73726737,Woollcombe Square
1766,73726738,Woollcombe Square
1767,73726739,Lime Grove
1768,73726758,Spoutwells Place
1769,73726743,RDM School East
1770,73726832,Taylor Park
1771,73726829,Taylor Park
1772,73726828,Hazelwood
1773,73726827,Sauchie Place
1774,73726826,Monteath Street
1775,73726825,Kincardine Road
1776,73726824,Morrisons Academy North
1777,73727479,Butterybank Road
1778,73727496,Butterybank Road
1779,73727495,Factory
1780,73727494,Factory
1781,73727493,Balmoral Road
1782,73727492,Balmoral Road
1783,73727489,Abernyte Link Road
1784,73727498,Craigclowan School
1785,73726823,Denmarkfield
1786,73727525,Denmarkfield
1787,73727497,Burnbrae Bridge
1788,73727487,Burnbrae Bridge
1789,73727485,Coldrain Road End
1790,73727979,Errol Park Estate
1791,73727476,Chance Inn
1792,73727474,Mill Farm
1793,73727465,Stormont Park
1794,73727452,Stormontfield Road
1795,73727437,Breadalbane Terrace
1796,73727484,Breadalbane Terrace
1797,73727436,Drummond Crescent
1798,73727435,Craigieholm Crossroads
1799,73727434,Craigieholm Crossroads
1800,73727432,Academy
1801,73727398,Mill of Peattie Crossroads
1802,73727356,Blairgowrie High School
1803,73727353,Church Hall
1804,73727345,Essendy Bridge
1805,73727342,Church
1806,73727297,Smithfield Crescent
1807,73727383,William Street
1808,73727287,War Memorial
1809,73728437,Mill Street
1810,73727276,Arnbog Farm
1811,73727265,Broadfold
1812,73727264,Broadfold
1813,73727397,Pier Road
1814,73727396,Pier Road
1815,73727243,Ardunie Road End
1816,73727242,Ardunie Road End
1817,73727239,Millhill View
1818,73727236,Pittencleroch Cottage
1819,73727235,Pittencleroch Cottage
1820,73727234,Abercairny Cottage
1821,73727232,Abercairny Cottage
1822,73726989,DEL-New Fowlis
1823,73726987,DEL-New Fowlis
1824,73726986,Post Box
1825,73726985,Rockingham
1826,73726984,Rockingham
1827,73726982,Lynemore
1828,73726979,Lynemore
1829,73726962,Park Village
1830,73726958,Morven Bank
1831,73726957,Morven Bank
1832,73726959,Loch Tummel Hotel
1833,73726952,Farm
1834,73726953,Farm
1835,73726945,War Memorial
1836,73726943,War Memorial
1837,73759379,Burnside Road
1838,73728324,House No 159
1839,73726932,Telephone Exchange
1840,73726925,Cranog Centre
1841,73726924,Cranog Centre
1842,73726923,Toll House
1843,73726898,Toll House
1844,73726897,Blair Castle
1845,73726862,Mains of Pittendriech
1846,73726857,Boatlands
1847,73726854,Cranley Farm
1848,73726853,Road End
1849,73726852,Road End
1850,73726843,Marshall Place
1851,73727873,Marshall Place
1852,73726927,Park and Ride
1853,73726842,Telephone Exchange
1854,73726834,Balado Wynd
1855,73727535,Stormont Road Surgery
1856,73727837,Stormont Road Surgery
1857,73727856,Greystanes
1858,73727684,RDM Institute
1859,73769458,Emma Street
1860,73769569,Emma Street
1861,73769854,Manor Gardens
1862,73737295,Manor Gardens
1863,73792827,Douglas Road
1864,73792987,Douglas Road
1865,73793495,Moyness Park Drive
1866,73728689,Moyness Park Drive
1867,73728935,Woodlands Park
1868,73795647,Woodlands Park
1869,73798647,Littleblair Drive
1870,73758732,Littleblair Drive
1871,73786785,Golf Course Road
1872,73729489,Golf Course Road
1873,73798984,Myreriggs Road
1874,73798754,Myreriggs Road
1875,73798787,Caravan Site
1876,73727869,Caravan Site
1877,73727567,Wallacetown Farm Road End
1878,73727875,Easter Essendy
1879,73727879,The Steading
1880,73727893,Drumellie
1881,73727867,Spoutwells Farm
1882,73727876,Hillocks of Gourdie
1883,73727964,Inverack
1884,73727695,Marshall Crescent
1885,73727697,Marshall Crescent
1886,73727584,Clach a Cheile
1887,73727585,Clach a Cheile
1888,73727587,The Holdings
1889,73727589,The Holdings East
1890,73727592,The Holdings East
1891,73727832,Lyndale
1892,73727954,Industrial Estate
1893,73727575,Crossgates
1894,73727576,DEL-Crossgates
1895,73727657,Megginch Castle
1896,73727594,School Wynd
1897,73727596,Primary School
1898,73727582,Road End
1899,73727573,Road End
1900,73727679,Slip Road
1901,73727956,Industrial Estate
1902,73727957,Aultbeag Road
1903,73727958,Aultbeag Road
1904,73727865,Laiken
1905,73727872,Royal Dunkeld Hotel
1906,73727825,Milton Road
1907,73727824,Milton Road
1908,73727826,Benchill View
1909,73727829,Linn Road
1910,73728527,Gowrie Farm
1911,73727849,Leys Crossroads
1912,73727848,Leys Crossroads
1913,73727847,Oakwood Cottages
1914,73727846,Oakwood Cottages
1915,73727638,Taymount Terrace
1916,73727639,Taymount Terrace
1917,73727678,Station Road
1918,73727674,James Street
1919,73727925,Queens Avenue
1920,73727923,Poplar Avenue
1921,73727924,Queens Avenue
1922,73727658,The Ibert Road End
1923,73727659,The Ibert Road End
1924,73727532,Gleneagles Trades Entrance
1925,73727593,Craigie Place
1926,73727578,Glentilt Terrace
1927,73727583,Quarry Road
1928,73727586,Moredun Terrace
1929,73727895,Cemetery
1930,73727896,Cemetery
1931,73727897,Whinstead
1932,73727898,Essendy Road
1933,73727542,Romangate
1934,73727543,Romangate
1935,73727565,Old Mill
1936,73727564,Old Mill
1937,73727572,Moncrieffe House
1938,73727569,Moncrieffe House
1939,73727642,High Street
1940,73727647,George Street
1941,73727959,Acarsaid Hotel
1942,73727574,Community Centre
1943,73727698,Slip Road Westbound
1944,73727945,Dunacree Road End
1945,73727946,Dunacree Road End
1946,73727942,Bolfracks Road East
1947,73727943,Bolfracks Road East
1948,73727935,Croftmoraig
1949,73727936,Croftmoraig
1950,73727928,Rustic Lodge
1951,73727927,Rustic Lodge
1952,73727854,Balnasium
1953,73727857,Balnasium
1954,73727852,Craggantoul
1955,73727853,Craggantoul
1956,73727845,Kiltyrie
1957,73727843,Kiltyrie
1958,73727839,Milton Morenish
1959,73727842,Milton Morenish
1960,73727834,Hotel
1961,73727836,Hotel
1962,73727863,Cragganruar
1963,73727864,Cragganruar
1964,73727938,Drumcharry Road End
1965,73727937,Drumcharry Road End
1966,73727934,Easter Auchtar
1967,73727932,Easter Auchtar
1968,73727546,Dunmore
1969,73727545,Dunmore
1970,73727696,Old Knapp Road End
1971,73727645,Kinnoull Street
1972,73727939,War Memorial
1973,73727862,Bogside Road
1974,73727859,Bogside Road
1975,73727858,George Place
1976,73727648,Bells Sports Centre
1977,73727929,Club
1978,73727538,Latchburn Wynd
1979,73727539,Latchburn Wynd
1980,73727537,Abbey Road
1981,73727823,Eastbound Slip Road
1982,73727926,St Marys Court
1983,73727549,DEL-Thornhill Street
1984,73727835,Newhall Street
1985,73727838,Graham Court
1986,73727685,RDM School South
1987,73727528,Back Dykes Road
1988,73727529,Hillwood
1989,73727548,Southfield
1990,73727562,Cemetery
1991,73727672,Mayfield Road
1992,73727683,Bus Depot
1993,73727643,Bowerswell Road
1994,73727627,Bus Station
1995,73727649,Black Watch Museum
1996,73727646,DEL-Tourist Information Centre
1997,73727527,Vane Farm Car Park
1998,73727676,Station Road
1999,73727682,Fishers
2000,73727693,Austen way
2001,73727692,Austen Way
2002,73727687,Spoutwells Place
2003,73727654,DEL-Brands Brae
2004,73727689,Lime Grove
2005,73727675,Inveralmond Road
2006,73727637,Hatton View
2007,73727624,Viewlands House
2008,73727629,Glover Court
2009,73727632,DEL-Glover Court
2010,73727694,Hatton Road
2011,73727625,Cairn
2012,73727598,West Acre
2013,73727623,West Acre
2014,73727626,Cairn
2015,73727828,Village
2016,73727827,Village
2017,73727563,Heughfield Road
2018,73727526,Broom Farm
2019,73727652,Errol Station
2020,73727653,Errol Station
2021,73727952,Telephone Exchange
2022,73727953,Telephone Exchange
2023,73727948,Crieff Road
2024,73728682,King Street
2025,73727978,Inveralmond Grove
2026,73735757,Ruthvenfield Place
2027,73728249,Springbank
2028,73727984,Springbank
2029,73728374,Altamount Road
2030,73728258,Smithfield Way
2031,73728456,Cablea
2032,73727987,Cablea
2033,73728489,Corrymuckloch
2034,73727973,Corrymuckloch
2035,73757436,Park and Ride
2036,73757232,Foulford Inn
2037,73757637,Foulford Inn
2038,73757325,Gatehouse
2039,73757924,Gatehouse
2040,73732754,Bowton Road
2041,73729759,Montgomery Road
2042,73732453,Myre Terrace
2043,73728765,Myre Terrace
2044,73736575,Post Office
2045,73734943,Hotel
2046,73728643,Chalder Cottage
2047,73729346,Chalder Cottage
2048,73727967,Learan Farm
2049,73728735,Learan Farm
2050,73728585,Aulich
2051,73728693,Aulich
2052,73729424,Lynton Farm
2053,73729826,Lynton Farm
2054,73728292,Stewart Tower
2055,73728942,Stewart Tower
2056,73728236,Berrydale Road
2057,73728349,Park and Ride
2058,73728549,Duntaggart Road End
2059,73728359,Duntaggart Road End
2060,73728674,Airlie Court
2061,73728989,Airlie Court
2062,73728789,St Margarets Hosp Grounds
2063,73728473,Drummond Terrace
2064,73728747,Coldwells Road
2065,73729275,Connaught Terrace
2066,73728753,Turning Circle
2067,73728925,Aldie Road End
2068,73729326,Aldie Road End
2069,73729539,Templemill Road End
2070,73729769,Templemill Road End
2071,73728958,Castleton
2072,73729253,Campers Express Bus Stop
2073,73729323,Festival Bus Station
2074,73729389,Road End
2075,73765438,Quarterbank
2076,73769393,Greystane Terrace
2077,73753573,Hames Place
2078,73793828,Tayside crescent
2079,73793272,Wester Feddal Farm
2080,73762672,Glassick Farm
2081,73757628,Logie Mill
2082,73798975,Logie Mill
2083,73753757,Linton Terrace
2084,73769465,Burnbank
2085,73769537,Craiglea Road
2086,73739876,Clayton Road
2087,73728482,Abbey Road
2088,73729435,Abbey Road
2089,73728728,Hawthorn Bank
2090,73745873,Hawthorn Bank
2091,73728932,Hunter Crescent
2092,73745892,Memorial Park
2093,73732687,Park Road
2094,73728538,Boniface Road
2095,73745959,Burnside Road
2096,73729573,Cairncross Cottage
2097,73762694,Cairncross Cottage
2098,73729872,Easter Meikle Fardle
2099,73745893,Easter Meikle Fardle
2100,73729246,Findatie Cafe
2101,73765296,DEL-Findatie
2102,73754963,Tesco
2103,73795969,Hames Place
2104,73748749,Rosamunde Pilcher Drive
2105,73765464,Rosamunde Pilcher Drive
2106,73742375,Tullybaccart Farm
2107,73798538,Tayside Crescent
2108,73728474,Quarterbank
2109,73732374,Greystane Terrace
2110,73745865,McDiarmid Park
2111,73739858,Transport Hub
2112,73793292,West PUDO
2113,73769468,T in The Park Bus Station
2114,73729386,Ash Grove
2115,73729387,Fairhill Crescent
2116,73729392,Brands Brae
2117,73729393,Buchan Drive
2118,73729394,Glenearn Court
2119,73729395,Clydesdale Court
2120,73729396,Scouring Burn
2121,73729397,Old Gallows Road
2122,73729398,Ballindean Farm
2123,73729423,Beechgrove Drive
2124,73729426,Ambulance Depot
2125,73729427,Muirend Road
2126,73729428,Ochil Nursing Home
2127,73729429,NOT USED
2128,73729432,Dryburgh Crescent
2129,73729434,Traquair Gardens
2130,73729436,Ash Grove
2131,73729437,Dental Surgery
2132,73729438,Dental Surgery
2133,73729439,Broxden House
2134,73729452,Innerleithen Way
2135,73729453,Viewlands Road
2136,73729454,Juniper Place
2137,73729456,Lochie Brae
2138,73729457,Broxden Park+Ride
2139,73729459,Abbotsford Crescent
2140,73729462,Redstone Crossroads
2141,73729463,Redstone Crossroads
2142,73729464,Kinrossie road end
2143,73729465,Kinrossie road end
2144,73729467,Dowally
2145,73729468,Dowally
2146,73729469,Moulin Crescent
2147,73729472,Tweedsmuir Road
2148,73729473,Leny Road
2149,73729474,Kinmond Drive
2150,73729475,Kinmond Drive
2151,73729476,Wester Tarsappie
2152,73729478,Wester Tarsappie
2153,73729479,Rhynd
2154,73729482,Rhynd
2155,73729483,Rhynd Lane
2156,73729484,Rhynd Lane
2157,73729485,Grange of Elcho
2158,73729486,Grange of Elcho
2159,73729487,Mains of Kinmonth
2160,73729492,Mains of Kinmonth
2161,73729493,Tay Avenue
2162,73729494,Mackenzie Drive
2163,73729495,Mackenzie Drive
2164,73729496,Rashiehall
2165,73729497,Rashiehall
2166,73729498,Town Hall
2167,73729523,Post Office
2168,73729524,Earn Place
2169,73729525,Polinard
2170,73729526,Lennoch Circle
2171,73729527,Gowanlea Place
2172,73729528,The Paddock
2173,73729529,Dukes Road
2174,73729532,The Ross
2175,73729534,Laggan Park
2176,73729535,Charlotte Gate
2177,73729536,Charlotte Gate
2178,73729537,Gardeners Cottage
2179,73729538,Gardeners Cottage
2180,73729542,Ardlarich Farm
2181,73729543,Ardlarich Farm
2182,73729545,Gaur Cottage
2183,73729546,Gaur Cottage
2184,73729547,Rannoch Lodge
2185,73729548,Rannoch Lodge
2186,73729549,Camusericht
2187,73729562,Camusericht
2188,73729563,Eaglesfield
2189,73729564,Hilton View
2190,73729565,Hilton View
2191,73729567,Crematorium
2192,73729568,Crematorium
2193,73729569,Dalweem
2194,73729572,Duntaylor Avenue
2195,73745632,Muirton
2196,73728278,Bertha Park
2197,73757647,Double Dykes
2198,73765494,Fishers
2199,73798979,Inveralmond Road
2200,73784529,Inveralmond Grove
2201,73769486,Inveralmond Close
2202,73796267,Double Dykes
2203,73729574,Ruthvenfield Avenue
2204,73729575,Ruthvenfield Avenue
2205,73732856,Sycamore Ave
2206,73732857,Eastmill Farm
2207,73732858,Kirkfield Place
2208,73732843,Canmore Place
2209,73732845,Elcho Green
2210,73732846,Eagle Avenue
2211,73732847,Southlands road
2212,73732848,Kincardine Road
2213,73732849,Montrose Road
2214,73732852,Grand Eagles
2215,73732853,Grampian Avenue
2216,73732854,Strathearn House
2217,73728279,ALDI
2218,73742583,Parkdale
2219,73745869,Castleton Park
2220,73769529,Benton Road
2221,73746372,Lochran Farm
2222,73753946,Lochran Farm
2223,73728294,Blairfordel Farm
2224,73747482,Blairfordel Farm
2225,73747392,Greenacres
2226,73736382,Greenacres
2227,73749268,Madoch Centre
2228,73762592,Madoch Centre
2229,73729576,Market Square
2230,73729578,Orchard Brae
2231,73729579,Kenmore Street
2232,73729582,Orchard Brae
2233,73729583,Orchard Brae
2234,73752468,Maidenplain Place
2235,73729584,Maidenplain Place
2236,73729585,Ruthven Towers
2237,73764294,Auld Mart Road
2238,73728428,Auld Mart Road
2239,73729586,Old Edinburgh Road
2240,73729587,Scouring Burn
2241,73729589,Dunan
2242,73729592,Broxden Park+Ride
